<?xml version="1.0" encoding="UTF-8"?>
<TEMPLATE version="301" plane_type="props">
  <mission_info template_image_file_name="template_ga_delivery.png" written_by="Saar N. (snagar)" plane_desc="General Aviation Plane" estimate_time="~45 Minutes." difficulty="Easy" other_settings="" weather_settings="By Simmer" scenery_settings="OpenSceneryX" short_desc="This is a GA template. It will pick random locations relative to your plane location (up to 5). You can pick items from the &quot;inventory&quot; and deliver them.; If you want you can modify the template file to change distances.;Enjoy"  />  
  
  <!-- [plane | xy] {element name that holds points} WABP - Papua -->
  <briefer_and_start_location location_type="plane" location_value="{not used}" lat="" long="" elev_ft="0" heading_psi="" > 
    <![CDATA[Welcome pilot,; in this random mission you will have to fly through few airports and deliver goods (if you so choose too). 
    Use your inventory to move items from to your plane.
             Good Luck.
    ]]>
  </briefer_and_start_location>


  <!-- plugin will probe location and will decide if it is water or ground --> <!-- location_value = random_pick_target_in_area -->
  <leg template="land" name="goal_1"   disable_auto_message_b="false">
    <expected_location location_type="xy" location_value="nm=50" override_task_name="task_01" override_trigger_name="custom_trig_goal_1_for_task_01"  /> 
    <display_object name="marker" instance_name="marker_goal_2_1" target_marker_b="yes" replace_lat="" replace_long=""  replace_elev_above_ground_ft="60" /> 
    <desc>Hello Pilot. Please fly to {navaid_name} (elevation: ~{navaid_elev} ft)</desc>    
    <dynamic_message message_name_to_call="" relative_to_trigger="custom_trig_goal_1_for_task_01" length_mt="1000">You are near "{navaid_name}</dynamic_message>
  </leg>

  <leg template="land" name="goal_2" optional="55%" disable_auto_message_b="false">
    <expected_location location_type="xy" location_value="nm=45"  override_trigger_name="custom_trig_goal_2_for_task_01" /> 
    <display_object name="marker" instance_name="marker_goal_2_2" target_marker_b="yes" replace_lat="" replace_long=""  replace_elev_above_ground_ft="60" />   
    <desc>Fly to {navaid_name} (elevation: ~{navaid_elev} ft)</desc> 
    <dynamic_message relative_to_trigger="custom_trig_goal_2_for_task_01" length_mt="1000">You are near "{navaid_name}"</dynamic_message>    
  </leg>

  <leg template="land" name="goal_3" optional="15%" disable_auto_message_b="false">
    <expected_location location_type="icao" location_value="nm=56" override_trigger_name="custom_trig_goal_3_for_task_01" /> 
    <display_object name="marker" instance_name="marker_goal_2_3" target_marker_b="yes" replace_lat="" replace_long=""  replace_elev_above_ground_ft="60" />   
    <desc>Fly to {navaid_name} (elevation: ~{navaid_elev} ft)</desc>    
    <dynamic_message relative_to_trigger="custom_trig_goal_3_for_task_01" length_mt="1000">You are near "{navaid_name}"</dynamic_message>    
  </leg>

  <leg template="land" name="goal_4" optional="45%" disable_auto_message_b="false">
   <expected_location location_type="icao" location_value="nm=35" override_trigger_name="custom_trig_goal_4_for_task_01" /> 
    <display_object name="marker" instance_name="marker_goal_2_4" target_marker_b="yes" replace_lat="" replace_long=""  replace_elev_above_ground_ft="60" />   
    <desc>Fly to {navaid_name} (elevation: ~{navaid_elev} ft)</desc>    
    <dynamic_message relative_to_trigger="custom_trig_goal_4_for_task_01" length_mt="1000">You are near "{navaid_name}"</dynamic_message>    
  </leg>

  <!-- when "location_type = "start" it will copy first location coordinate. Start is a special case -->
  <leg template="land,start" name="goal_end" >
    <expected_location location_type="icao" location_value="nm=10-30"  /> 
    <display_object name="marker" instance_name="marker_goal_2_5" target_marker_b="yes" replace_lat="" replace_long=""  replace_elev_above_ground_ft="60" />      
    <desc>Last location {navaid_name} (elevation: ~{navaid_elev} ft)</desc>    
  </leg>

  
  <object_templates>
    <!-- markers -->
    <obj3d  name="marker" file_name="marker_five_parts_02.obj" />     
  </object_templates>
  

  <!-- inventory items to pick randomly from -->
  <item_blueprints>
    <item barcode="staff02" name="Staff_5kg"  weight_kg="5" />      
    <item barcode="staff01" name="Staff_10kg"  weight_kg="10" />      
    <item barcode="staff03" name="Staff_25kg"  weight_kg="25" />      
    <item barcode="staff04" name="Staff_20kg"  weight_kg="20" />      
    <item barcode="staff05" name="Staff_30kg"  weight_kg="30" />      
    <item barcode="staff06" name="Staff_15kg"  weight_kg="15" />      
    <item barcode="staff07" name="Staff_50kg"  weight_kg="50" />      
  </item_blueprints>
  
  <!-- message templates that can be used with dynamic_messages -->
	<message_templates>

    <message name="whats_up_new_goal_1" >
      <mix track_type="text" mute_xplane_narrator="" hide_text="" override_seconds_to_display_text="" override_seconds_calc_per_line="" mxpad_label="radio" mxpad_label_color="yellow">
        <![CDATA[Wanted to check how are you.]]>
      </mix>
    </message>
			<!-- ------- -->
	</message_templates>
  
</TEMPLATE>


<MAPPING>

  <global_settings>
    <folders sound_folder_name="sound" obj3d_folder_name="obj" />
    <start_time day_in_year="" hours="" hours_local="8" min="00" />
    <base_weights_kg pilot_base_weight="85" passengers_base_weight="" storage_base_weight="5"/>
    <scoring>
        <pitch best="-10|15|0.5" good="-15|18|0.4" average="-20|20|0.25" />
        <roll best="-25|25|0.5" good="-30|30|0.4" average="-35|35|0.25" />
        <gforce best="-0.5|1.55|0.5" good="1.55|1.82|0.4" average="1.82|1.95|0.25" />
        <center_line best="-1.0|1.0|0.5" good="-1.8|1.8|0.35" average="-2.3|2.3|0.25" />
    </scoring>
  </global_settings>

  <leg name="" title="" next_leg=""  > 
    <start_leg_message name="" />    
    <link_to_objective name="" />
    <desc/>    
    <post_leg_message name="" />
  </leg>
  
  <objective name="" title="" />
  <task name="" base_on_trigger="" base_on_script="" eval_success_for_n_sec="10" mandatory="true" force_evaluation=""/>        

  <trigger name="" type="rad" rearm="" post_script="" >
    <conditions plane_on_ground="true" cond_script="" />
    <outcome message_name_when_fired="" message_name_when_left="" script_name_when_fired="" script_name_when_left="" commands_to_exec_when_fired="" commands_to_exec_when_left="" dataref_to_modify_when_fired=""  dataref_to_modify_when_left=""  />

    <loc_and_elev_data> 
      <radius length_mt="100" />
      <point lat="" long="" />  
      <elevation_volume  elev_lower_upper_ft="" />    
    </loc_and_elev_data>
  </trigger>

  
  <message name="" is_mxpad="yes">         
      <mix track_type="text"  mute_xplane_narrator="" hide_text="" override_seconds_to_display_text="" override_seconds_calc_per_line="" mxpad_label="radio" mxpad_label_color="yellow" />
  </message>

  <end_mission>
    <success_image file_name="success.png"  />
    <success_msg ><![CDATA[well done pilot. Have a nice day and see you tomorrow. ]]></success_msg>
    <success_sound sound_file="" sound_vol="" />
    <fail_image file_name="fail.png"  />
    <fail_msg ><![CDATA[You failed !!!]]></fail_msg>
    <fail_sound sound_file="" sound_vol="" />
  </end_mission>
  
  <inventory name="" type="rad" >
    <item name="" barcode="" quantity="1"  weight_kg="20"/>
    <loc_and_elev_data>
      <radius length_mt="100" />
      <point lat="" long=""/>
    </loc_and_elev_data>
  </inventory>
  
  <item name="" barcode="" quantity="1"  weight_kg="20"/>
  
  <point lat="" long=""/>

    
    
</MAPPING>

